,Papel,Tipo,Empresa,Setor,Subsetor,Cotacao,Data_ult_cot,Min_52_sem,Max_52_sem,Vol_med_2m,Valor_de_mercado,Valor_da_firma,Ult_balanco_processado,Nro_Acoes,PL,PVP,PEBIT,PSR,PAtivos,PCap_Giro,PAtiv_Circ_Liq,Div_Yield,EV_EBITDA,EV_EBIT,Cres_Rec_5a,LPA,VPA,Marg_Bruta,Marg_EBIT,Marg_Liquida,EBIT_Ativo,ROIC,ROE,Liquidez_Corr,Div_Br_Patrim,Giro_Ativos,Ativo,Disponibilidades,Ativo_Circulante,Div_Bruta,Div_Liquida,Patrim_Liq,Receita_Liquida_12m,EBIT_12m,Lucro_Liquido_12m,Receita_Liquida_3m,EBIT_3m,Lucro_Liquido_3m,Cart_de_Credito,Depositos,Result_Int_Financ_12m,Rec_Servicos_12m,Result_Int_Financ_3m,Rec_Servicos_3m
RRRP3,RRRP3,ON NM,3R PETROLEUM ON NM,"Petróleo, Gás e Biocombustíveis","Exploração, Refino e Distribuição",32.92,2023-08-31,26.73,50.51,175403000,7900300000,15205300000,2023-06-30,239985000,1651,150,1869,335,042,4764,-071,0.0%,1902,3596,93.7%,199,2189,35.3%,17.9%,20.5%,2.3%,2.5%,9.1%,108,155,013,18679400000,833250000,2297100000,8138210000,7304960000,5252820000,2357780000,422801000,478562000,836582000,117871000,77016000,,,,,,
ALSO3,ALSO3,ON,ALIANSCSONAE ON,Exploração de Imóveis,Exploração de Imóveis,22.77,2023-08-31,15.15,25.47,112594000,13068500000,11361600000,2023-06-30,573937000,408,089,1527,704,046,987,-137,2.3%,863,1328,38.1%,558,2557,68.1%,46.1%,177.4%,3.0%,3.2%,21.8%,187,-,007,28202200000,1706950000,2839730000,0,-1706950000,14673500000,1857090000,855736000,3204330000,650181000,277707000,152985000,,,,,,
ALPA4,ALPA4,PN N1,ALPARGATAS PN N1,"Tecidos, Vestuário e Calçados",Calçados,8.41,2023-08-31,7.02,23.60,58267900,5744550000,6681410000,2023-06-30,683062000,-2518,108,2610,143,074,327,1227,0.0%,1665,3036,2.0%,-033,777,42.2%,5.5%,-5.7%,2.8%,3.2%,-4.3%,250,025,052,7766710000,414288000,2923670000,1351150000,936861000,5309890000,4022150000,220108000,-228109000,926359000,-58996000,-52853000,,,,,,
ABEV3,ABEV3,ON,AMBEV S/A ON,Bebidas,Cervejas e Refrigerantes,13.84,2023-08-31,12.86,16.03,372094000,218033000000,209595000000,2023-06-30,15753800000,1527,256,1338,264,164,107758,-1730,5.5%,942,1286,14.2%,091,540,49.9%,19.7%,17.8%,12.2%,15.8%,16.8%,101,005,062,133294000000,12430500000,34324100000,3992280000,-8438230000,85074600000,82710500000,16294300000,14278000000,18898100000,3174830000,2502970000,,,,,,
ARZZ3,ARZZ3,ON NM,AREZZO CO ON NM,Comércio,"Tecidos, Vestuário e Calçados",70.67,2023-08-31,58.96,102.67,121941000,7843590000,8189580000,2023-06-30,110989000,2120,282,1608,170,144,734,5533,2.2%,1188,1679,35.7%,333,2508,53.4%,10.6%,8.0%,9.0%,11.4%,13.3%,163,037,085,5435060000,682038000,2771140000,1028030000,345987000,2783100000,4605710000,487797000,369973000,1131020000,124657000,100626000,,,,,,
ASAI3,ASAI3,ON NM,ASSAI ON NM,Comércio e Distribuição,Alimentos,11.61,2023-08-31,10.50,21.03,255441000,15690500000,24314500000,2023-06-30,1351460000,1715,380,381,026,039,-583,-068,0.7%,454,590,44.6%,068,306,16.4%,6.8%,1.5%,10.3%,18.1%,22.1%,083,320,152,40102000000,4596000000,13058000000,13220000000,8624000000,4131000000,60866000000,4122000000,915000000,15984000000,1084000000,156000000,,,,,,
AZUL4,AZUL4,PN,AZUL PN,Transporte,Transporte Aéreo,14.49,2023-08-31,6.79,21.86,214164000,5043740000,26650800000,2023-06-30,348084000,-311,-026,226,029,029,-041,-016,0.0%,589,1193,15.8%,-466,-5654,19.6%,12.7%,-9.2%,13.0%,16.4%,8.2%,028,-113,103,17122000000,616210000,4628300000,22223200000,21607000000,-19682000000,17562800000,2234030000,-1621680000,4254190000,401726000,23908000,,,,,,
B3SA3,B3SA3,ON,B3 ON,Serviços Financeiros Diversos,Serviços Financeiros Diversos,12.93,2023-08-31,10.26,15.26,399526000,75239700000,72405300000,2023-06-30,5819000000,1802,366,1375,715,159,1214,-718,3.1%,1111,1323,18.0%,072,353,85.6%,52.0%,39.7%,11.6%,16.7%,20.3%,162,056,022,47177000000,14262700000,16141900000,11428300000,-2834400000,20540800000,10522000000,5473700000,4175070000,2477120000,1371260000,1052790000,,,,,,
BBSE3,BBSE3,ON NM,BBSEGURIDADE ON NM,Previdência e Seguros,Seguradoras,30.38,2023-08-31,23.96,34.19,158867000,60760000000,-,2023-06-30,2000000000,846,679,739,-,358,-,-,11.4%,-,-,-,359,447,-,-,0.0%,48.5%,-,80.3%,-,-,-,16980200000,0,0,0,0,8943940000,0,8226920000,7183900000,0,2115690000,1892170000,,,,,,
BBDC3,BBDC3,ON N1,BANCO BRADESCO S.A. ON N1,Intermediários Financeiros,Bancos,13.24,2023-08-31,11.06,16.61,65310700,140902000000,-,2023-06-30,10642200000,912,088,-,-,-,-,-,6.9%,-,-,-15.3%,145,1497,-,-,0.0%,0.0%,-,9.7%,-,-,-,1530030000000,,,,,159318000000,,,15445200000,,,4517230000,0,0,19018300000,21142200000,5083870000,5144040000
BBDC4,BBDC4,PN N1,BANCO BRADESCO S.A. PN N1,Intermediários Financeiros,Bancos,14.95,2023-08-31,12.38,20.28,542381000,159100000000,-,2023-06-30,10642200000,1030,100,-,-,-,-,-,6.8%,-,-,-15.3%,145,1497,-,-,0.0%,0.0%,-,9.7%,-,-,-,1530030000000,,,,,159318000000,,,15445200000,,,4517230000,0,0,19018300000,21142200000,5083870000,5144040000
BRAP4,BRAP4,PN N1,BRADESPAR S/A PN N1,Mineração,Minerais Metálicos,22.50,2023-08-31,19.21,31.21,66769000,8844680000,8585340000,2023-06-30,393097000,321,117,-43585,-,116,4326,4338,13.0%,-42307,-42307,-,701,1930,-,-,0.0%,-0.3%,-0.3%,36.3%,470,-,-,7641600000,259346000,259750000,0,-259346000,7585760000,0,-20293000,2754450000,0,-5149000,174862000,,,,,,
BBAS3,BBAS3,ON,BANCO DO BRASIL S.A. ON,Intermediários Financeiros,Bancos,47.10,2023-08-31,29.21,51.21,444721000,134961000000,-,2023-06-30,2865420000,408,086,-,-,-,-,-,9.6%,-,-,21.0%,1155,5486,-,-,0.0%,0.0%,-,21.0%,-,-,-,2124390000000,,,,,157200000000,,,33082700000,,,8327460000,0,0,52323800000,20971200000,13357200000,5239500000
BRKM5,BRKM5,PNA N1,BRASKEM PNA N1,Químicos,Petroquímicos,22.24,2023-08-31,16.64,37.60,92153100,17729900000,39683600000,2023-06-30,797208000,-522,245,-1193,022,020,158,-038,0.0%,1086,-2669,15.9%,-426,907,4.4%,-1.8%,-4.8%,-1.7%,-2.5%,-47.0%,149,519,093,88009200000,15580200000,34339100000,37533900000,21953700000,7232560000,81578800000,-1486760000,-3399620000,17756200000,-675560000,-770600000,,,,,,
BRFS3,BRFS3,ON NM,BRF Foods ON NM,Alimentos Processados,Carnes e Derivados,9.04,2023-08-31,5.55,16.48,184971000,15209600000,31121500000,2023-06-30,1682470000,-444,166,11687,028,028,672,-073,0.0%,957,23914,17.0%,-204,544,15.1%,0.2%,-6.4%,0.2%,0.4%,-37.5%,110,260,100,54279200000,7921260000,23952600000,23833200000,15912000000,9152650000,54207600000,130142000,-3427720000,12205000000,-411346000,-1358910000,,,,,,
BPAC11,BPAC11,UNT,BTGP BANCO UNT,Intermediários Financeiros,Bancos,32.47,2023-08-31,18.10,33.73,284799000,124535000000,-,2023-06-30,11506100000,1481,267,-,-,-,-,-,2.3%,-,-,38.7%,219,1218,-,-,0.0%,0.0%,-,18.0%,-,-,-,390000000000,,,,,46708500000,,,8406420000,,,2441240000,50933600000,115000000000,9073000000,3538350000,3080000000,677805000
CRFB3,CRFB3,ON NM,CARREFOUR BR ON NM,Comércio e Distribuição,Alimentos,10.26,2023-08-31,8.77,21.30,121206000,21625700000,36846700000,2023-06-30,2107760000,5588,110,484,020,025,-1267,-079,3.4%,570,825,17.8%,018,931,19.2%,4.0%,0.5%,5.2%,6.7%,2.0%,096,109,128,86496000000,6213000000,38001000000,21434000000,15221000000,19625000000,110855000000,4468000000,387000000,27466000000,863000000,-249000000,,,,,,
CCRO3,CCRO3,ON NM,COMPANHIA DE CONCESSÕES RODOVIÁRIAS ON NM,Transporte,Exploração de Rodovias,12.46,2023-08-31,10.03,14.29,110252000,25169200000,47609000000,2023-06-30,2020000000,1953,206,476,159,046,1121,-089,2.6%,683,901,15.9%,064,605,43.5%,33.4%,8.7%,9.7%,12.1%,10.5%,119,268,029,54690400000,10294600000,13796200000,32734400000,22439800000,12223600000,15793800000,5282690000,1288890000,3905140000,1267780000,270214000,,,,,,
CMIG4,CMIG4,PN N1,CEMIG PN N1,Energia Elétrica,Energia Elétrica,12.33,2023-08-31,9.55,12.86,104003000,27142900000,35248100000,2023-06-30,2201370000,410,115,344,076,050,795,-156,9.2%,387,446,11.8%,301,1072,23.8%,22.0%,18.5%,14.5%,16.3%,28.1%,134,050,066,54543100000,3725800000,13540400000,11831000000,8105240000,23609100000,35868400000,7899710000,6627360000,8819520000,1828940000,2642220000,,,,,,
CIEL3,CIEL3,ON NM,CIELO ON NM,Serviços Financeiros Diversos,Serviços Financeiros Diversos,3.72,2023-08-31,3.67,5.72,148140000,10106600000,16553300000,2023-06-30,2716820000,491,086,649,154,011,076,321,7.8%,810,1063,-10.1%,076,431,47.0%,23.7%,31.3%,1.6%,5.2%,17.6%,119,063,007,95865500000,951896000,84501500000,7398690000,6446790000,11697500000,6580900000,1556920000,2057640000,2642080000,816112000,708563000,,,,,,
COGN3,COGN3,ON,COGNA ON,Diversos,Serviços Educacionais,2.92,2023-08-31,1.76,3.52,68792900,5479690000,11641100000,2023-06-30,1876610000,-1344,045,457,100,021,404,-071,0.0%,624,971,-6.8%,-022,649,63.6%,21.9%,-7.8%,4.7%,5.2%,-3.3%,141,064,021,25607800000,1593760000,4643700000,7755200000,6161440000,12180800000,5476810000,1198550000,-407777000,1386680000,334172000,-47303000,,,,,,
CPLE6,CPLE6,PNB,COPEL PNB,Energia Elétrica,Energia Elétrica,8.66,2023-08-31,5.99,9.07,125985000,25689400000,37549300000,2023-06-30,2966440000,1332,118,687,117,048,726,-123,3.9%,735,1004,10.8%,065,734,21.6%,17.0%,8.9%,6.9%,7.9%,8.9%,147,075,041,54007100000,4447800000,11108500000,16307700000,11859900000,21760800000,21971800000,3738590000,1928570000,5359730000,774783000,317792000,,,,,,
CSAN3,CSAN3,ON,COSAN SA INDUSTRIA E COMERCIO ON,"Petróleo, Gás e Biocombustíveis","Exploração, Refino e Distribuição",17.52,2023-08-31,13.28,20.49,130279000,32833700000,77337700000,2023-06-30,1874070000,-2841,183,502,078,024,297,-054,2.4%,799,1182,39.8%,-062,957,24.7%,15.6%,3.2%,4.8%,5.7%,-6.4%,165,336,031,135039000000,15739300000,28005500000,60243300000,44504000000,17929300000,41903200000,6543610000,-1155700000,10010500000,1939560000,-1042700000,,,,,,
CPFE3,CPFE3,ON,CPFL ENERGIA S.A. ON,Energia Elétrica,Energia Elétrica,34.15,2023-08-31,26.63,35.28,55729200,39349500000,58747000000,2023-06-30,1152250000,712,221,372,098,054,-2474,-107,8.4%,471,555,10.1%,480,1548,32.3%,26.5%,14.2%,14.6%,16.5%,31.0%,091,138,055,72445000000,5275610000,16629000000,24673100000,19397500000,17831400000,39970600000,10589900000,5527900000,9388920000,2536300000,1188890000,,,,,,
CMIN3,CMIN3,ON N2,CSNMINERACAO ON N2,Mineração,Minerais Metálicos,4.28,2023-08-31,2.62,4.90,26299400,23477300000,23195700000,2023-06-30,5485340000,980,224,488,154,089,353,-438,21.3%,397,482,-17.6%,044,191,44.2%,31.6%,15.7%,18.3%,28.5%,22.9%,273,072,058,26309300000,7859450000,10482500000,7577850000,-281598000,10464600000,15229900000,4812990000,2395420000,4014010000,850619000,494181000,,,,,,
CVCB3,CVCB3,ON NM,CVC BRASIL ON NM,Viagens e Lazer,Viagens e Turismo,2.48,2023-08-31,2.20,8.11,61690200,1100910000,1117950000,2023-06-30,443914000,-236,208,-1390,090,027,-284,-079,0.0%,847,-1411,-9.2%,-105,119,100.0%,-6.5%,-38.1%,-1.9%,-3.1%,-88.1%,085,149,030,4121980000,773874000,2194910000,790920000,17046000,529943000,1223830000,-79222900,-466724000,269357000,-41588000,-166951000,,,,,,
CYRE3,CYRE3,PN,CYRELA BRAZIL REALTY PN,Construção Civil,Incorporações,22.44,2023-08-31,11.69,25.71,134927000,8970230000,10928800000,2023-06-30,399743000,955,119,1171,153,053,163,3465,2.3%,1353,1427,12.2%,235,1881,32.2%,13.1%,16.6%,4.6%,5.6%,12.5%,265,064,035,16825100000,2883690000,8840340000,4842230000,1958540000,7519980000,5847040000,766088000,939291000,1633050000,253043000,279385000,,,,,,
DXCO3,DXCO3,ON,DEXCO ON,Madeira e Papel,Madeira,7.96,2023-08-31,5.46,9.51,32603000,6531710000,10854500000,2023-06-30,820566000,977,108,506,084,040,456,-130,3.9%,477,841,15.7%,081,735,34.5%,16.5%,8.8%,8.0%,9.6%,11.1%,140,099,048,16154300000,1648120000,5008400000,5970940000,4322830000,6032690000,7807850000,1291030000,668482000,1953760000,298960000,157658000,,,,,,
ELET3,ELET3,ON,ELETROBRÁS ON,Energia Elétrica,Energia Elétrica,35.26,2023-08-31,30.33,51.23,343886000,81348300000,118524000000,2023-06-30,2307100000,4776,073,935,236,031,585,-075,0.6%,972,1362,17.1%,074,4829,49.6%,25.2%,4.5%,3.3%,3.6%,1.5%,147,051,013,263464000000,20193500000,43749200000,57369400000,37175900000,111402000000,34492200000,8704280000,1703340000,9245530000,4993900000,1685230000,,,,,,
ELET6,ELET6,PNB,ELETROBRÁS PNB,Energia Elétrica,Energia Elétrica,38.74,2023-08-31,31.93,52.80,84173000,89377000000,126553000000,2023-06-30,2307100000,5247,080,1027,259,034,643,-083,3.9%,1038,1454,17.1%,074,4829,49.6%,25.2%,4.5%,3.3%,3.6%,1.5%,147,051,013,263464000000,20193500000,43749200000,57369400000,37175900000,111402000000,34492200000,8704280000,1703340000,9245530000,4993900000,1685230000,,,,,,
EMBR3,EMBR3,ON,EMBRAER ON,Material de Transporte,Material Aeronáutico e de Defesa,19.49,2023-08-31,11.40,21.05,114386000,14431700000,20988000000,2023-06-30,740465000,-2854,119,719,057,028,141,-172,0.0%,667,1045,18.3%,-068,1634,18.2%,7.9%,-2.4%,3.9%,5.4%,-4.2%,152,139,049,51703900000,10241600000,30035200000,16797800000,6556300000,12102300000,25414500000,2007920000,-505662000,6359820000,434170000,-96205000,,,,,,
ENGI11,ENGI11,UNT N2,ENERGISA UNT N2,Energia Elétrica,Energia Elétrica,46.10,2023-08-31,35.67,50.74,101488000,18800400000,41334900000,2023-06-30,2039090000,1177,159,323,070,029,573,-058,3.3%,573,710,12.6%,392,2903,27.3%,21.7%,7.5%,8.9%,10.7%,13.5%,123,263,041,65091300000,8578200000,17539300000,31112700000,22534500000,11837500000,26831000000,5820950000,1597710000,6586070000,1425490000,484259000,,,,,,
ENEV3,ENEV3,ON,ENEVA ON,Energia Elétrica,Energia Elétrica,11.92,2023-08-31,10.16,16.09,70545300,18886600000,35462900000,2023-06-30,1584450000,2877,146,960,210,044,2940,-085,0.0%,1066,1802,29.9%,041,818,34.7%,21.9%,7.3%,4.6%,5.0%,5.1%,114,141,021,42790700000,1686680000,5326810000,18263000000,16576300000,12965100000,9003490000,1968290000,656461000,2523330000,753713000,389928000,,,,,,
EGIE3,EGIE3,ON,ENGIE BRASIL ON,Energia Elétrica,Energia Elétrica,42.12,2023-08-31,34.37,44.92,59720500,34366900000,47658300000,2023-06-30,815928000,1061,412,648,302,085,2022,-148,8.4%,763,899,5.6%,397,1022,50.3%,46.6%,28.5%,13.2%,15.2%,38.8%,128,216,028,40263000000,4753810000,7818420000,18045200000,13291400000,8341660000,11371300000,5302810000,3238510000,2609530000,1422550000,732601000,,,,,,
EQTL3,EQTL3,ON NM,EQUATORIAL ENERGIA S.A. ON NM,Energia Elétrica,Energia Elétrica,31.66,2023-08-31,23.88,34.46,241995000,36261700000,69842200000,2023-06-30,1145350000,2204,195,504,106,038,560,-072,1.1%,802,971,24.0%,144,1623,29.3%,21.0%,6.8%,7.5%,8.8%,8.9%,138,232,036,95701600000,9587330000,23417000000,43167900000,33580600000,18590400000,34175300000,7190110000,1645550000,9201480000,1944420000,517699000,,,,,,
EZTC3,EZTC3,ON NM,EZTec ON NM,Construção Civil,Incorporações,22.04,2023-08-31,11.80,24.83,49736100,4870600000,4772340000,2023-06-30,220989000,1914,106,5211,449,085,260,385,1.3%,4223,5106,16.3%,115,2071,31.1%,8.6%,24.4%,1.6%,1.9%,5.6%,514,015,019,5708400000,781417000,2329850000,683156000,-98261100,4577180000,1085060000,93466000,254495000,242732000,13036000,75333000,,,,,,
FLRY3,FLRY3,ON NM,FLEURY ON NM,Serv.Méd.Hospit. Análises e Diagnósticos,Serv.Méd.Hospit. Análises e Diagnósticos,14.76,2023-08-31,13.25,18.47,45353100,8076470000,11381500000,2023-06-30,547186000,2736,159,1098,157,070,1084,-220,1.3%,898,1548,18.8%,054,931,27.1%,14.3%,5.7%,6.4%,7.3%,5.8%,137,083,045,11510000000,910644000,2737580000,4215700000,3305060000,5095380000,5157750000,735375000,295237000,1659540000,200395000,74427000,,,,,,
GGBR4,GGBR4,PN N1,GERDAU S.A. PN N1,Siderurgia e Metalurgia,Siderurgia,25.85,2023-08-31,19.37,30.58,267299000,45420200000,51930800000,2023-06-30,1757070000,475,093,369,060,062,227,800,12.5%,339,422,21.4%,544,2787,19.1%,16.1%,12.6%,16.7%,19.4%,19.5%,294,022,103,73795500000,4184640000,30316100000,10695200000,6510600000,48976900000,76250900000,12295500000,9560300000,18265400000,2715990000,2135910000,,,,,,
GOAU4,GOAU4,PN N1,METALÚRGICA GERDAU PN N1,Siderurgia e Metalurgia,Siderurgia,11.82,2023-08-31,9.01,13.96,70541900,12220000000,17767600000,2023-06-30,1033840000,382,070,100,016,016,058,183,9.8%,116,145,21.4%,310,1683,19.1%,16.1%,12.6%,16.4%,19.3%,18.4%,303,061,102,74835400000,5147610000,31347100000,10695200000,5547640000,17401700000,76250900000,12280500000,3200950000,18265400000,2711510000,705125000,,,,,,
GOLL4,GOLL4,PN,GOL LINHAS AEREAS INTELIGENTES SA PN,Transporte,Transporte Aéreo,7.03,2023-08-31,5.06,13.19,131886000,2943740000,14524100000,2023-06-30,418739000,-2071,-014,194,017,018,-027,-009,0.0%,460,958,7.7%,-034,-4875,25.7%,8.5%,-0.8%,9.2%,11.2%,0.7%,021,-060,108,16447000000,672410000,2940780000,12252700000,11580300000,-20415300000,17802300000,1516440000,-142145000,4145930000,342535000,556289000,,,,,,
NTCO3,NTCO3,ON NM,GRUPO NATURA ON NM,Produtos de Uso Pessoal e de Limpeza,Produtos de Uso Pessoal,15.18,2023-08-31,9.91,18.34,183515000,20996300000,30929600000,2023-06-30,1383150000,-741,102,1480,061,041,486,-153,0.0%,788,2180,-8.7%,-205,1485,64.7%,4.1%,-8.2%,2.8%,3.4%,-13.8%,136,065,068,50593500000,3455490000,16271700000,13388800000,9933310000,20543900000,34487600000,1418770000,-2834090000,7773540000,289406000,-731850000,,,,,,
SOMA3,SOMA3,ON NM,GRUPO SOMA ON NM,Comércio,"Tecidos, Vestuário e Calçados",7.49,2023-08-31,7.43,14.85,113590000,5877750000,7100080000,2023-06-30,784747000,1903,078,1067,114,055,323,3258,1.4%,867,1288,78.2%,039,961,56.7%,10.7%,6.0%,5.1%,5.6%,4.1%,216,019,048,10746100000,240585000,3385580000,1462910000,1222330000,7540900000,5145330000,551041000,308877000,1295160000,150743000,85371000,,,,,,
HAPV3,HAPV3,ON NM,HAPVIDA ON NM,Serv.Méd.Hospit. Análises e Diagnósticos,Serv.Méd.Hospit. Análises e Diagnósticos,4.26,2023-08-31,1.94,8.35,346618000,32118100000,37966500000,2023-06-30,7539460000,-4094,065,-7851,122,043,2632,-194,0.0%,1970,-9281,51.6%,-010,654,24.0%,-1.6%,-3.0%,-0.5%,-0.6%,-1.6%,115,023,035,75034400000,5735710000,9179330000,11584100000,5848370000,49333000000,26389700000,-409071000,-784564000,6839820000,24775100,-160871000,,,,,,
HYPE3,HYPE3,ON,HYPERA ON,Comércio e Distribuição,Medicamentos e Outros Produtos,38.99,2023-08-31,35.61,49.90,117075000,24697100000,32383900000,2023-06-30,633421000,1424,224,944,305,104,632,-520,3.2%,1149,1237,27.0%,274,1744,63.2%,32.4%,21.5%,11.0%,12.3%,15.7%,196,089,034,23810000000,2139490000,7998840000,9826290000,7686800000,11048000000,8086440000,2617130000,1734720000,2231080000,720668000,503038000,,,,,,
IGTI11,IGTI11,UNT N1,IGUATEMI S.A UNT N1,Exploração de Imóveis,Exploração de Imóveis,20.60,2023-08-31,16.36,23.08,72850400,6192050000,8126240000,2023-06-30,2104090000,2185,151,1192,560,084,598,-345,1.0%,1179,1564,12.2%,094,1365,60.2%,47.0%,26.1%,7.0%,8.3%,6.9%,322,075,015,7414410000,1153670000,1500900000,3087860000,1934190000,4103430000,1106420000,519666000,283401000,299273000,147451000,77378000,,,,,,
IRBR3,IRBR3,ON NM,IRBBRASIL RE ON NM,Previdência e Seguros,Seguradoras,42.96,2023-08-31,18.45,53.53,138139000,3534020000,-,2023-06-30,82263000,-1144,085,-327,052,017,-,-,0.0%,-,-,-,-375,5030,1.2%,-16.0%,-4.6%,-5.2%,-,-7.5%,-,-,033,20641900000,0,0,0,0,4137420000,6767260000,-1079810000,-308868000,1478650000,-113871000,20085000,,,,,,
ITSA4,ITSA4,PN N1,ITAÚSA PN N1,Intermediários Financeiros,Bancos,9.24,2023-08-31,7.54,9.79,226308000,89641000000,94641000000,2023-06-30,9701410000,676,117,8120,1148,088,2051,-1067,6.2%,4509,8573,15.7%,137,792,34.5%,14.1%,175.5%,1.1%,1.2%,17.3%,149,016,008,102327000000,7606000000,13210000000,12606000000,5000000000,76867000000,7807000000,1104000000,13270000000,1954000000,250000000,3593000000,,,,,,
ITUB4,ITUB4,PN N1,ITAUUNIBANCO PN N1,Intermediários Financeiros,Bancos,27.43,2023-08-31,22.70,29.89,744665000,268927000000,-,2023-06-30,9804140000,851,158,-,-,-,-,-,4.4%,-,-,12.4%,322,1740,-,-,0.0%,0.0%,-,18.5%,-,-,-,396343000000,,,,,170577000000,,,31598000000,,,8592000000,132634000000,77884000000,3828000000,6100000000,1804000000,2525000000
JBSS3,JBSS3,ON NM,JBS ON NM,Alimentos Processados,Carnes e Derivados,18.40,2023-08-31,15.28,26.51,196294000,40813300000,121064000000,2023-06-30,2218120000,878,096,-081,011,021,189,-051,10.9%,-303,-241,19.4%,210,1910,-4.1%,-13.7%,1.3%,-25.4%,-32.1%,11.0%,143,221,185,198343000000,13548700000,72247700000,93799000000,80250300000,42355300000,367860000000,-50307400000,4647070000,89382600000,1679420000,-263624000,,,,,,
KLBN11,KLBN11,UNT N2,KLABIN UNT N2,Madeira e Papel,Papel e Celulose,22.76,2023-08-31,16.67,23.33,100994000,25572600000,45087400000,2023-06-30,5617890000,563,217,401,130,052,476,-109,6.1%,477,707,19.3%,404,1049,47.0%,32.4%,26.9%,12.9%,15.8%,38.5%,186,217,040,49258400000,6023780000,11645300000,25538500000,19514700000,11784300000,19695000000,6373790000,4541380000,4292580000,1155590000,640939000,,,,,,
RENT3,RENT3,ON,LOCALIZA RENT A CAR ON,Diversos,Aluguel de carros,63.25,2023-08-31,48.59,72.26,361307000,67067800000,94189000000,2023-06-30,1060360000,5142,270,1316,261,093,2068,-221,2.1%,1017,1848,24.6%,123,2346,30.0%,19.8%,5.1%,7.1%,8.8%,5.2%,124,148,036,71955900000,9730360000,16764900000,36851600000,27121200000,24880200000,25694300000,5097250000,1304290000,6846160000,806666000,-88069000,,,,,,
LWSA3,LWSA3,ON NM,LOCAWEB ON NM,Programas e Serviços,Programas e Serviços,7.07,2023-08-31,4.43,11.09,50891300,4212050000,3225300000,2023-06-30,595764000,-22048,145,6241,344,095,712,1283,0.7%,1797,4779,43.7%,-003,489,46.0%,5.5%,-1.6%,1.5%,2.0%,-0.7%,148,003,028,4417080000,1060060000,1831570000,73312000,-986749000,2913770000,1223900000,67487000,-19104000,313900000,13146000,-38832000,,,,,,
LREN3,LREN3,ON,RENNER ON,Comércio,"Tecidos, Vestuário e Calçados",16.03,2023-08-31,14.46,30.54,413633000,15440500000,14865700000,2023-06-30,963227000,1520,159,561,116,077,309,967,4.6%,390,540,13.3%,105,1008,60.0%,20.7%,7.6%,13.8%,17.5%,10.5%,173,024,067,19953700000,2901440000,11838600000,2326580000,-574857000,9712480000,13311200000,2753500000,1016150000,3504080000,762887000,229700000,,,,,,
MGLU3,MGLU3,ON NM,MAGAZ LUIZA ON NM,Comércio,Eletrodomésticos,2.76,2023-08-31,2.37,5.37,302693000,18627000000,23372000000,2023-06-30,6748930000,-2080,186,1680,050,052,486,-286,0.0%,989,2107,23.0%,-013,148,27.9%,2.9%,-2.4%,3.1%,4.4%,-8.9%,125,072,106,35598900000,2486800000,19085500000,7231730000,4744920000,10011500000,37614000000,1108990000,-895639000,8572260000,226004000,-301746000,,,,,,
MRFG3,MRFG3,ON NM,Marfrig ON NM,Alimentos Processados,Carnes e Derivados,7.41,2023-08-31,6.11,11.69,87613600,4890600000,48426500000,2023-06-30,660000000,-302,121,227,004,004,089,-008,12.3%,533,2252,33.3%,-246,614,11.1%,1.6%,-3.6%,1.7%,2.3%,-40.0%,114,1533,109,127045000000,18591800000,43935100000,62127700000,43535900000,4053750000,138077000000,2150400000,-1621010000,32513900000,-68138000,-784383000,,,,,,
CASH3,CASH3,ON NM,MELIUZ ON NM,Programas e Serviços,Programas e Serviços,6.72,2023-08-31,6.72,13.50,28918200,581607000,186937000,2023-06-30,86548600,-1259,075,-496,157,050,100,110,0.0%,-190,-159,45.3%,-053,890,-31.7%,-31.7%,-12.9%,-10.0%,-15.2%,-6.0%,271,000,032,1173420000,395775000,922169000,1105000,-394670000,770573000,369815000,-117202000,-46210000,72152000,-16407000,-13307000,,,,,,
BEEF3,BEEF3,ON NM,Minerva ON NM,Alimentos Processados,Carnes e Derivados,8.40,2023-08-31,8.07,14.62,106654000,5101180000,12797300000,2023-06-30,607283000,1453,1245,236,018,026,130,-070,6.6%,484,592,17.7%,058,067,19.6%,7.5%,1.2%,10.9%,20.2%,85.7%,150,3390,146,19866700000,6197270000,11661100000,13893400000,7696170000,409782000,28934800000,2161970000,351062000,7276480000,565211000,118010000,,,,,,
MRVE3,MRVE3,ON NM,MRV ON NM,Construção Civil,Incorporações,11.36,2023-08-31,5.53,14.14,137435000,6383990000,13902400000,2023-06-30,561971000,-6453,106,8855,093,027,113,-116,1.5%,5861,19285,4.3%,-018,1071,20.8%,1.0%,-0.9%,0.3%,0.3%,-1.6%,206,135,029,23344700000,609856000,11008300000,8128290000,7518430000,6018990000,6884090000,72091100,-98926000,1825660000,54017000,181098000,,,,,,
MULT3,MULT3,ON N2,Multiplan ON N2,Exploração de Imóveis,Exploração de Imóveis,24.74,2023-08-31,19.65,28.13,109960000,14862800000,16771500000,2023-06-30,600761000,1690,218,1034,780,139,9436,-596,3.4%,1035,1167,11.2%,146,1134,91.7%,75.4%,46.2%,13.4%,14.6%,12.9%,113,039,018,10687200000,717838000,1379330000,2626470000,1908630000,6812010000,1905880000,1437180000,879560000,487624000,327902000,247233000,,,,,,
PCAR3,PCAR3,ON,PÃO DE AÇÚCAR ON,Comércio e Distribuição,Alimentos,4.94,2023-08-31,4.94,9.82,63678400,1334490000,4276490000,2023-06-30,270139000,-064,012,1466,021,003,012,-077,0.0%,548,4699,-36.9%,-767,4153,21.4%,1.4%,-29.0%,0.2%,0.2%,-18.5%,160,055,014,44398000000,3217000000,28951000000,6159000000,2942000000,11220000000,6387000000,91000100,-2071000000,4755000000,256000000,-425000000,,,,,,
PETR3,PETR3,ON,PETROBRAS ON,"Petróleo, Gás e Biocombustíveis","Exploração, Refino e Distribuição",34.54,2023-08-31,20.09,35.53,423570000,450557000000,668947000000,2023-06-30,13044500000,288,122,172,077,045,-3048,-094,26.8%,199,256,19.4%,1199,2842,50.6%,45.0%,27.0%,26.4%,29.0%,42.2%,090,075,059,990459000000,60985000000,136816000000,279375000000,218390000000,370683000000,581563000000,261516000000,156375000000,113840000000,49813000000,28782000000,,,,,,
PETR4,PETR4,PN,PETROBRAS PN,"Petróleo, Gás e Biocombustíveis","Exploração, Refino e Distribuição",31.94,2023-08-31,17.40,32.62,1530180000,416641000000,635031000000,2023-06-30,13044500000,266,112,159,072,042,-2818,-087,29.0%,189,243,19.4%,1199,2842,50.6%,45.0%,27.0%,26.4%,29.0%,42.2%,090,075,059,990459000000,60985000000,136816000000,279375000000,218390000000,370683000000,581563000000,261516000000,156375000000,113840000000,49813000000,28782000000,,,,,,
PRIO3,PRIO3,ON,PETRORIO ON,"Petróleo, Gás e Biocombustíveis","Exploração, Refino e Distribuição",46.42,2023-08-31,27.03,48.59,415742000,41185200000,50279800000,2023-06-30,887229000,1107,383,889,509,158,-10210,-356,0.0%,845,1086,69.2%,420,1212,65.2%,57.3%,46.0%,17.8%,19.2%,34.6%,090,095,031,25992000000,1155250000,3664020000,10249800000,9094590000,10753900000,8085660000,4631350000,3722060000,2311210000,1198470000,840969000,,,,,,
PETZ3,PETZ3,ON NM,PETZ ON NM,Comércio,Produtos Diversos,5.48,2023-08-31,5.11,11.12,110327000,2534340000,2481020000,2023-06-30,462471000,6161,136,1275,082,064,357,-351,0.5%,496,1248,31.7%,009,402,47.2%,6.4%,1.3%,5.0%,6.3%,2.2%,205,024,078,3964640000,506721000,1385640000,453403000,-53318000,1857470000,3086450000,198793000,41137000,791648000,47977000,11391000,,,,,,
RADL3,RADL3,ON,RAIADROGASIL ON,Comércio e Distribuição,Medicamentos e Outros Produtos,27.48,2023-08-31,20.94,29.55,129424000,47210800000,49244000000,2023-06-30,1718010000,4579,853,2435,149,266,1606,-2100,1.1%,1405,2540,18.7%,060,322,30.0%,6.1%,3.3%,10.9%,14.6%,18.6%,142,043,179,17745400000,370435000,9895740000,2403600000,2033170000,5531980000,31699800000,1938570000,1031080000,8442310000,620423000,338188000,,,,,,
RAIZ4,RAIZ4,PN N2,RAIZEN PN N2,"Petróleo, Gás e Biocombustíveis","Exploração, Refino e Distribuição",3.63,2023-08-31,2.25,4.56,76429800,37579600000,77429000000,2023-06-30,10352500000,1487,166,503,016,034,2732,-091,6.4%,494,1037,45.5%,024,219,6.8%,3.3%,1.1%,6.7%,8.3%,11.1%,103,194,204,111896000000,4066100000,47171200000,43915400000,39849300000,22691000000,228396000000,7466540000,2526980000,48822000000,794345000,637750000,,,,,,
RDOR3,RDOR3,ON NM,REDE D OR ON NM,Serv.Méd.Hospit. Análises e Diagnósticos,Serv.Méd.Hospit. Análises e Diagnósticos,28.66,2023-08-31,20.00,36.98,170906000,65611100000,68119000000,2023-06-30,2289290000,4963,293,1380,188,071,249,-241,0.6%,1063,1433,37.2%,058,979,18.8%,13.7%,4.1%,5.1%,7.6%,5.9%,268,142,037,92966000000,29274700000,42077300000,31782600000,2507870000,22421500000,34808900000,4752780000,1321940000,11678700000,1376730000,408529000,,,,,,
RAIL3,RAIL3,ON NM,RUMO S.A. ON NM,Transporte,Transporte Ferroviário,22.35,2023-08-31,16.46,24.09,334878000,41456300000,52829300000,2023-06-30,1854870000,5259,268,1366,402,089,985,-192,0.3%,1057,1740,10.1%,043,832,34.5%,29.4%,7.7%,6.5%,7.5%,5.1%,185,111,022,46472900000,5714930000,9187730000,17087900000,11373000000,15440200000,10317500000,3035330000,788347000,2763110000,942363000,167284000,,,,,,
SBSP3,SBSP3,ON NM,SABESP ON NM,Água e Saneamento,Água e Saneamento,57.92,2023-08-31,42.67,59.84,160331000,39588900000,56037700000,2023-06-30,683510000,1232,138,798,167,069,-21084,-176,2.2%,742,1129,8.4%,470,4206,34.5%,20.9%,13.5%,8.6%,9.0%,11.2%,097,065,041,57453600000,2256350000,6262210000,18705200000,16448800000,28747600000,23772800000,4962370000,3214220000,6154540000,1010350000,743743000,,,,,,
SANB11,SANB11,UNT,SANTANDER UNT,Intermediários Financeiros,Bancos,27.11,2023-08-31,24.72,31.05,43843200,101643000000,-,2023-06-30,7498530000,1160,121,-,-,-,-,-,6.3%,-,-,-5.9%,234,2240,-,-,0.0%,0.0%,-,10.4%,-,-,-,1111400000000,,,,,83990900000,,,8765160000,,,2117390000,314496000000,441323000000,10040800000,14421800000,5398260000,2750870000
SMTO3,SMTO3,ON NM,SAO MARTINHO ON NM,Alimentos Processados,Açucar e Alcool,36.13,2023-08-31,21.12,37.68,55562400,12790400000,19475800000,2023-06-30,354011000,1261,210,887,204,067,376,-182,4.6%,561,1351,18.4%,287,1717,31.4%,23.0%,16.2%,7.6%,9.0%,16.7%,237,149,033,18971000000,2370270000,5880010000,9055700000,6685430000,6078940000,6272690000,1441600000,1014430000,1342590000,369135000,220268000,,,,,,
CSNA3,CSNA3,ON,CSN ON,Siderurgia e Metalurgia,Siderurgia,12.11,2023-08-31,9.83,16.92,104505000,16059000000,44548700000,2023-06-30,1326090000,-2711,087,223,036,019,165,-046,24.1%,430,619,18.7%,-045,1394,25.5%,16.2%,-0.2%,8.6%,11.2%,-3.2%,153,225,053,83866400000,13180100000,28283000000,41669800000,28489700000,18482000000,44334100000,7194820000,-592461000,10989100000,1161720000,183603000,,,,,,
SLCE3,SLCE3,ON NM,SLC Agricola ON NM,Agropecuária,Agricultura,40.22,2023-08-31,34.42,44.90,67880200,9116460000,12880800000,2023-06-30,226665000,989,172,465,102,059,238,-414,6.9%,599,657,37.2%,407,2338,29.5%,22.0%,11.0%,12.6%,14.3%,17.4%,199,093,057,15545000000,1160790000,7689960000,4925140000,3764360000,5298880000,8909700000,1960970000,921517000,2130190000,605938000,334197000,,,,,,
SUZB3,SUZB3,ON,Suzano Papel ON,Madeira e Papel,Papel e Celulose,50.15,2023-08-31,38.00,56.55,204986000,66404500000,121163000000,2023-06-30,1324120000,286,156,346,136,048,286,-115,3.7%,455,631,25.2%,1753,3216,48.0%,39.2%,47.4%,13.9%,17.1%,54.5%,256,175,035,138279000000,19774100000,38062300000,74532300000,54758200000,42587500000,49004500000,19199500000,23211800000,9159630000,1877440000,5073130000,,,,,,
TAEE11,TAEE11,UNT,TAESA UNT,Energia Elétrica,Energia Elétrica,34.20,2023-08-31,30.91,38.73,72023400,11781900000,19884300000,2023-06-30,1033500000,1009,176,796,503,063,489,-138,9.9%,1326,1344,9.3%,339,1942,70.9%,63.1%,49.8%,7.9%,8.5%,17.5%,303,141,012,18812300000,1323640000,3598340000,9426130000,8102490000,6689300000,2344570000,1479750000,1167790000,678504000,387548000,220426000,,,,,,
VIVT3,VIVT3,ON,TELEF BRASIL ON,Telecomunicações,Telecomunicações,41.35,2023-08-31,34.73,44.19,86172500,68788100000,81650800000,2023-06-30,1663560000,1521,100,1018,137,057,-2354,-218,5.4%,414,1208,3.4%,272,4127,43.2%,13.4%,9.0%,5.6%,6.4%,6.6%,087,027,042,120157000000,5405900000,19903600000,18268600000,12862700000,68651400000,50311900000,6757020000,4523330000,12732700000,1839590000,1122530000,,,,,,
TIMS3,TIMS3,ON NM,TIM ON NM,Telecomunicações,Telecomunicações,14.41,2023-08-31,10.47,15.08,95778900,34883800000,36334700000,2023-06-30,2420800000,1723,138,885,152,063,-876,-165,5.9%,322,921,10.1%,084,1046,50.2%,17.2%,8.8%,7.1%,8.1%,8.0%,070,019,041,55706600000,3338620000,9280860000,4789570000,1450960000,25327100000,22938900000,3943850000,2024760000,5863260000,1139690000,626472000,,,,,,
TOTS3,TOTS3,ON NM,TOTVS ON NM,Programas e Serviços,Programas e Serviços,27.74,2023-08-31,24.84,32.95,119978000,17120700000,16146500000,2023-06-30,617183000,3524,389,1133,423,157,643,9342,1.6%,914,1068,16.8%,079,712,70.4%,37.3%,12.7%,13.8%,18.9%,11.1%,171,040,037,10923300000,2720310000,6418780000,1746170000,-974137000,4395750000,4049280000,1511230000,485814000,1087920000,380172000,95405000,,,,,,
UGPA3,UGPA3,ON,ULTRAPAR PARTICIPAÇÕES SA ON,"Petróleo, Gás e Biocombustíveis","Exploração, Refino e Distribuição",18.16,2023-08-31,11.36,19.52,89466500,20252300000,28759700000,2023-06-30,1115210000,1476,167,565,015,059,248,-398,1.9%,618,803,13.0%,123,1085,5.5%,2.6%,1.1%,10.5%,14.6%,11.3%,197,118,395,34278500000,5715490000,16589600000,14223000000,8507490000,12096600000,135396000000,3583320000,1371660000,29592500000,679250000,213876000,,,,,,
USIM5,USIM5,PNA N1,USIMINAS PNA N1,Siderurgia e Metalurgia,Siderurgia,6.88,2023-08-31,6.31,8.19,78252500,8621190000,9581170000,2023-06-30,1253080000,3275,036,407,029,022,061,156,4.8%,310,453,26.4%,021,1892,10.7%,7.0%,2.0%,5.3%,6.5%,1.1%,397,025,076,39738700000,4940640000,18956300000,5900620000,959983000,23709800000,30237000000,2115830000,263207000,6887400000,278719000,254219000,,,,,,
VALE3,VALE3,ON NM,VALE ON NM,Mineração,Minerais Metálicos,65.08,2023-08-31,59.86,93.50,1793020000,295399000000,338326000000,2023-06-30,4539010000,519,158,379,143,067,3079,-172,6.2%,360,434,13.0%,1254,4120,39.1%,37.8%,27.8%,17.7%,19.9%,30.5%,115,036,047,441036000000,24238000000,74923000000,67165000000,42927000000,186988000000,206414000000,77986000000,56939000000,47758000000,17717000000,4573000000,,,,,,
VIIA3,VIIA3,ON,VIA ON,Comércio,Eletrodomésticos,1.27,2023-08-31,1.27,3.93,130189000,2030010000,9847010000,2023-06-30,1598430000,-176,044,107,007,006,-055,-014,0.0%,325,518,5.3%,-072,288,30.7%,6.2%,-3.8%,5.8%,7.8%,-25.1%,079,189,093,32956000000,874000000,14151000000,8691000000,7817000000,4610000000,30696000000,1901000000,-1155000000,7489000000,411000000,-492000000,,,,,,
VBBR3,VBBR3,ON,VIBRA ON,"Petróleo, Gás e Biocombustíveis","Exploração, Refino e Distribuição",18.46,2023-08-31,12.33,19.08,154510000,21505900000,32741900000,2023-06-30,1165000000,2991,168,1110,012,054,170,-336,4.0%,1315,1690,19.3%,062,1100,3.2%,1.1%,0.4%,4.9%,6.3%,5.6%,264,132,435,39590000000,5662000000,20373000000,16898000000,11236000000,12818000000,172132000000,1937000000,719000000,37184000000,669000000,133000000,,,,,,
WEGE3,WEGE3,ON N1,WEG SA ON N1,Máquinas e Equipamentos,"Motores, Compressores e Outros",35.88,2023-08-31,27.97,41.65,310588000,150600000000,147902000000,2023-06-30,4197320000,2996,979,2205,474,518,1583,2162,1.6%,1991,2165,27.6%,120,367,31.9%,21.5%,16.1%,23.5%,31.8%,32.7%,189,018,109,29101200000,5480460000,20237000000,2782720000,-2697740000,15385000000,31758300000,6830110000,5026270000,8171320000,1900990000,1368400000,,,,,,
YDUQ3,YDUQ3,ON,YDUQS PART ON,Diversos,Serviços Educacionais,20.37,2023-08-31,6.47,23.70,106057000,6296140000,10562700000,2023-06-30,309089000,5715,201,841,130,065,682,-158,1.3%,709,1410,8.5%,036,1016,58.5%,15.4%,2.3%,7.7%,9.0%,3.5%,156,173,050,9722950000,1154090000,2576920000,5420620000,4266530000,3138850000,4858400000,748950000,110177000,1307960000,207331000,31955000,,,,,,
